code,country,region,population,area,pop_density,coastline,net_migration,infant_mortality,gdp,literacy,phones,arable,crops,other,climate,birthrate,deathrate,agriculture,industry,service,latitude,longitude
AFG,Afghanistan,ASIA(EX.NEAREAST),31056997,647500,48,0,"23,06","163,07",700,36,"3,2","12,13","0,22","87,65",1,"46,6","20,34","0,38","0,24","0,38","33,93911","67,709953"
ALB,Albania,EASTERNEUROPE,3581655,28748,"124,6","1,26","-4,93","21,52",4500,"86,5","71,2","21,09","4,42","74,49",3,"15,11","5,22",232,188,579,"41,153332","20,168331"
DZA,Algeria,NORTHERNAFRICA,32930091,2381740,"13,8","0,04","-0,39",31,6000,70,"78,1","3,22","0,25","96,53",1,"17,14","4,61",101,"0,6",298,"28,033886","1,659626"
ASM,AmericanSamoa,OCEANIA,57794,199,"290,4","58,29","-20,71","9,27",8000,97,"259,5",10,15,75,2,"22,46","3,27",,,,"-14,270972","-170,132217"
AND,Andorra,WESTERNEUROPE,71201,468,"152,1",0,"6,6","4,05",19000,100,"497,2","2,22",0,"97,78",3,"8,71","6,25",,,,"42,546245","1,601554"
AGO,Angola,SUB-SAHARANAFRICA,12127071,1246700,"9,7","0,13",0,"191,19",1900,42,"7,8","2,41","0,24","97,35",,"45,11","24,2",96,658,246,"-11,202692","17,873887"
AIA,Anguilla,LATINAMER.&CARIB,13477,102,"132,1","59,8","10,76","21,03",8600,95,460,0,0,100,2,"14,17","5,34","0,04","0,18","0,78","18,220554","-63,068615"
ATG,Antigua&Barbuda,LATINAMER.&CARIB,69108,443,156,"34,54","-6,15","19,46",11000,89,"549,9","18,18","4,55","77,27",2,"16,93","5,37",38,"0,22",743,"17,060816","-61,796428"
ARG,Argentina,LATINAMER.&CARIB,39921833,2766890,"14,4","0,18","0,61","15,18",11200,"97,1","220,4","12,31","0,48","87,21",3,"16,73","7,55",95,358,547,"-38,416097","-63,616672"
ARM,Armenia,C.W.OFIND.STATES,2976372,29800,"99,9",0,"-6,47","23,28",3500,"98,6","195,7","17,55","2,3","80,15",4,"12,07","8,23",239,343,418,"40,069099","45,038189"
ABW,Aruba,LATINAMER.&CARIB,71891,193,"372,5","35,49",0,"5,89",28000,97,"516,1","10,53",0,"89,47",2,"11,03","6,68",4,333,663,"12,52111","-69,968338"
AUS,Australia,OCEANIA,20264082,7686850,"2,6","0,34","3,98","4,69",29000,100,"565,5","6,55","0,04","93,41",1,"12,14","7,51",38,262,"0,7","-25,274398","133,775136"
AUT,Austria,WESTERNEUROPE,8192880,83870,"97,7",0,2,"4,66",30000,98,"452,2","16,91","0,86","82,23",3,"8,74","9,76",18,304,678,"47,516231","14,550072"
AZE,Azerbaijan,C.W.OFIND.STATES,7961619,86600,"91,9",0,"-4,9","81,74",3400,97,"137,1","19,63","2,71","77,66",1,"20,74","9,75",141,457,402,"40,143105","47,576927"
BHS,"Bahamas,The",LATINAMER.&CARIB,303770,13940,"21,8","25,41","-2,2","25,21",16700,"95,6","460,6","0,8","0,4","98,8",2,"17,57","9,05","0,03","0,07","0,9","25,03428","-77,39628"
BHR,Bahrain,NEAREAST,698585,665,"1050,5","24,21","1,05","17,27",16900,"89,1","281,3","2,82","5,63","91,55",1,"17,8","4,14",5,387,608,"25,930414","50,637772"
BGD,Bangladesh,ASIA(EX.NEAREAST),147365352,144000,"1023,4","0,4","-0,71","62,6",1900,"43,1","7,3","62,11","3,07","34,82",2,"29,8","8,27",199,198,603,"23,684994","90,356331"
BRB,Barbados,LATINAMER.&CARIB,279912,431,"649,5","22,51","-0,31","12,5",15700,"97,4","481,9","37,21","2,33","60,46",2,"12,71","8,67","0,06","0,16","0,78","13,193887","-59,543198"
BLR,Belarus,C.W.OFIND.STATES,10293011,207600,"49,6",0,"2,54","13,37",6100,"99,6","319,1","29,55","0,6","69,85",4,"11,16","14,02",93,316,591,"53,709807","27,953389"
BEL,Belgium,WESTERNEUROPE,10379067,30528,340,"0,22","1,23","4,68",29100,98,"462,6","23,28","0,4","76,32",3,"10,38","10,27","0,01","0,24",749,"50,503887","4,469936"
BLZ,Belize,LATINAMER.&CARIB,287730,22966,"12,5","1,68",0,"25,69",4900,"94,1","115,7","2,85","1,71","95,44",2,"28,84","5,72",142,152,612,"17,189877","-88,49765"
BEN,Benin,SUB-SAHARANAFRICA,7862944,112620,"69,8","0,11",0,85,1100,"40,9","9,7","18,08","2,4","79,52",2,"38,85","12,22",316,138,546,"9,30769","2,315834"
BMU,Bermuda,NORTHERNAMERICA,65773,53,1241,"194,34","2,49","8,53",36000,98,"851,4",20,0,80,2,"11,4","7,74","0,01","0,1","0,89","32,321384","-64,75737"
BTN,Bhutan,ASIA(EX.NEAREAST),2279723,47000,"48,5",0,0,"100,44",1300,"42,2","14,3","3,09","0,43","96,48",2,"33,65","12,7",258,379,363,"27,514162","90,433601"
BOL,Bolivia,LATINAMER.&CARIB,8989046,1098580,"8,2",0,"-1,32","53,11",2400,"87,2","71,9","2,67","0,19","97,14","1,5","23,3","7,53",128,352,"0,52","-16,290154","-63,588653"
BIH,Bosnia&Herzegovina,EASTERNEUROPE,4498976,51129,88,"0,04","0,31","21,05",6100,,"215,4","13,6","2,96","83,44",4,"8,77","8,27",142,308,"0,55","43,915886","17,679076"
BWA,Botswana,SUB-SAHARANAFRICA,1639833,600370,"2,7",0,0,"54,58",9000,"79,8","80,5","0,65","0,01","99,34",1,"23,08","29,5",24,469,507,"-22,328474","24,684866"
BRA,Brazil,LATINAMER.&CARIB,188078227,8511965,"22,1","0,09","-0,03","29,61",7600,"86,4","225,3","6,96","0,9","92,15",2,"16,56","6,17",84,"0,4",516,"-14,235004","-51,92528"
IOT,BritishVirginIs.,LATINAMER.&CARIB,23098,153,151,"52,29","10,01","18,05",16000,"97,8","506,5",20,"6,67","73,33",2,"14,89","4,42",18,62,"0,92","18,420695","-64,639968"
BRN,Brunei,ASIA(EX.NEAREAST),379444,5770,"65,8","2,79","3,59","12,61",18600,"93,9","237,2","0,57","0,76","98,67",2,"18,79","3,45",36,561,403,"4,535277","114,727669"
BGR,Bulgaria,EASTERNEUROPE,7385367,110910,"66,6","0,32","-4,58","20,55",7600,"98,6","336,3","40,02","1,92","58,06",3,"9,65","14,27",93,304,603,"42,733883","25,48583"
BFA,BurkinaFaso,SUB-SAHARANAFRICA,13902972,274200,"50,7",0,0,"97,57",1100,"26,6",7,"14,43","0,19","85,38",2,"45,62","15,6",322,196,482,"12,238333","-1,561593"
MMR,Burma,ASIA(EX.NEAREAST),47382633,678500,"69,8","0,28","-1,8","67,24",1800,"85,3","10,1","15,19","0,97","83,84",2,"17,91","9,83",564,82,353,"21,913965","95,956223"
BDI,Burundi,SUB-SAHARANAFRICA,8090068,27830,"290,7",0,"-0,06","69,29",600,"51,6","3,4","35,05","14,02","50,93",2,"42,22","13,46",463,203,334,"-3,373056","29,918886"
KHM,Cambodia,ASIA(EX.NEAREAST),13881427,181040,"76,7","0,24",0,"71,48",1900,"69,4","2,6","20,96","0,61","78,43",2,"26,9","9,06","0,35","0,3","0,35","12,565679","104,990963"
CMR,Cameroon,SUB-SAHARANAFRICA,17340702,475440,"36,5","0,08",0,"68,26",1800,79,"5,7","12,81","2,58","84,61","1,5","33,89","13,47",448,"0,17",382,"7,369722","12,354722"
CAN,Canada,NORTHERNAMERICA,33098932,9984670,"3,3","2,02","5,96","4,75",29800,97,"552,2","4,96","0,02","95,02",,"10,78","7,8",22,294,684,"56,130366","-106,346771"
CPV,CapeVerde,SUB-SAHARANAFRICA,420979,4033,"104,4","23,93","-12,07","47,77",1400,"76,6","169,6","9,68","0,5","89,82",3,"24,87","6,55",121,219,"0,66","16,002082","-24,013197"
CYM,CaymanIslands,LATINAMER.&CARIB,45436,262,"173,4","61,07","18,75","8,19",35000,98,"836,3","3,85",0,"96,15",2,"12,74","4,89",14,32,954,"19,513469","-80,566956"
CAF,CentralAfricanRep.,SUB-SAHARANAFRICA,4303356,622984,"6,9",0,0,91,1100,51,"2,3","3,1","0,14","96,76",2,"33,91","18,65","0,55","0,2","0,25","6,611111","20,939444"
TCD,Chad,SUB-SAHARANAFRICA,9944201,1284000,"7,7",0,"-0,11","93,82",1200,"47,5","1,3","2,86","0,02","97,12",2,"45,73","16,38",335,259,406,"15,454166","18,732207"
CHL,Chile,LATINAMER.&CARIB,16134219,756950,"21,3","0,85",0,"8,8",9900,"96,2",213,"2,65","0,42","96,93",3,"15,23","5,81","0,06",493,447,"-35,675147","-71,542969"
CHN,China,ASIA(EX.NEAREAST),1313973713,9596960,"136,9","0,15","-0,4","24,18",5000,"90,9","266,7","15,4","1,25","83,35","1,5","13,25","6,97",125,473,403,"35,86166","104,195397"
COL,Colombia,LATINAMER.&CARIB,43593035,1138910,"38,3","0,28","-0,31","20,97",6300,"92,5","176,2","2,42","1,67","95,91",2,"20,48","5,58",125,342,533,"4,570868","-74,297333"
COM,Comoros,SUB-SAHARANAFRICA,690948,2170,"318,4","15,67",0,"74,93",700,"56,5","24,5","35,87","23,32","40,81",2,"36,93","8,2","0,4","0,04","0,56","-11,875001","43,872219"
COG,"Congo,Dem.Rep.",SUB-SAHARANAFRICA,62660551,2345410,"26,7",0,0,"94,69",700,"65,5","0,2","2,96","0,52","96,52",2,"43,69","13,27","0,55","0,11","0,34","-4,038333","21,758664"
COD,"Congo,Repub.ofthe",SUB-SAHARANAFRICA,3702314,342000,"10,8","0,05","-0,17","93,86",700,"83,8","3,7","0,51","0,13","99,36",2,"42,57","12,93",62,"0,57",369,"-0,228021","15,827659"
COK,CookIslands,OCEANIA,21388,240,"89,1",50,,,5000,95,"289,9","17,39","13,04","69,57",2,21,,151,96,753,"-21,236736","-159,777671"
CRI,CostaRica,LATINAMER.&CARIB,4075261,51100,"79,8","2,52","0,51","9,95",9100,96,"340,7","4,41","5,88","89,71",2,"18,32","4,36",88,299,614,"9,748917","-83,753428"
CIV,Coted'Ivoire,SUB-SAHARANAFRICA,17654843,322460,"54,8","0,16","-0,07","90,83",1400,"50,9","14,6","9,75","13,84","76,41",2,"35,11","14,84",279,171,"0,55","7,539989","-5,54708"
HRV,Croatia,EASTERNEUROPE,4494749,56542,"79,5","10,32","1,58","6,84",10600,"98,5","420,4","26,09","2,27","71,65",,"9,61","11,48","0,07",308,622,"45,1","15,2"
CUB,Cuba,LATINAMER.&CARIB,11382820,110860,"102,7","3,37","-1,58","6,33",2900,97,"74,7","33,05","7,6","59,35",2,"11,89","7,22",55,261,684,"21,521757","-77,781167"
CYP,Cyprus,NEAREAST,784301,9250,"84,8","7,01","0,43","7,18",19200,"97,6",,"7,79","4,44","87,77",3,"12,56","7,68",37,198,765,"35,126413","33,429859"
CZE,CzechRepublic,EASTERNEUROPE,10235455,78866,"129,8",0,"0,97","3,93",15700,"99,9","314,3","39,8","3,05","57,15",3,"9,02","10,59",34,393,573,"49,817492","15,472962"
DNK,Denmark,WESTERNEUROPE,5450661,43094,"126,5","16,97","2,48","4,56",31100,100,"614,6","54,02","0,19","45,79",3,"11,13","10,36",18,246,735,"56,26392","9,501785"
DJI,Djibouti,SUB-SAHARANAFRICA,486530,23000,"21,2","1,37",0,"104,13",1300,"67,9","22,8","0,04",0,"99,96",1,"39,53","19,31",179,225,596,"11,825138","42,590275"
DMA,Dominica,LATINAMER.&CARIB,68910,754,"91,4","19,63","-13,87","14,15",5400,94,"304,8","6,67",20,"73,33",2,"15,27","6,73",177,328,495,"15,414999","-61,370976"
DOM,DominicanRepublic,LATINAMER.&CARIB,9183984,48730,"188,5","2,64","-3,22","32,38",6000,"84,7","97,4","22,65","10,33","67,02",2,"23,22","5,73",112,306,582,"18,735693","-70,162651"
TLS,EastTimor,ASIA(EX.NEAREAST),1062777,15007,"70,8","4,7",0,"47,41",500,"58,6",,"4,71","0,67","94,62",2,"26,99","6,24",85,231,684,"-8,874217","125,727539"
ECU,Ecuador,LATINAMER.&CARIB,13547510,283560,"47,8","0,79","-8,58","23,66",3300,"92,5","125,6","5,85","4,93","89,22",2,"22,29","4,23","0,07",312,618,"-1,831239","-78,183406"
EGY,Egypt,NORTHERNAFRICA,78887007,1001450,"78,8","0,24","-0,22","32,59",4000,"57,7","131,8","2,87","0,48","96,65",1,"22,94","5,23",149,357,493,"26,820553","30,802498"
SLV,ElSalvador,LATINAMER.&CARIB,6822378,21040,"324,3","1,46","-3,74","25,1",4800,"80,2","142,4","31,85","12,07","56,08",2,"26,61","5,78",99,302,599,"13,794185","-88,89653"
GNQ,EquatorialGuinea,SUB-SAHARANAFRICA,540109,28051,"19,3","1,06",0,"85,13",2700,"85,7","18,5","4,63","3,57","91,8",2,"35,59","15,06","0,03",906,62,"1,650801","10,267895"
ERI,Eritrea,SUB-SAHARANAFRICA,4786994,121320,"39,5","1,84",0,"74,87",700,"58,6","7,9","4,95","0,03","95,02","1,5","34,33","9,6",102,254,643,"15,179384","39,782334"
EST,Estonia,BALTICS,1324333,45226,"29,3","8,39","-3,16","7,87",12300,"99,8","333,8","16,04","0,45","83,51",3,"10,04","13,25","0,04",294,666,"58,595272","25,013607"
ETH,Ethiopia,SUB-SAHARANAFRICA,74777981,1127127,"66,3",0,0,"95,32",700,"42,7","8,2","10,71","0,75","88,54",2,"37,98","14,86",475,99,426,"9,145","40,489673"
FRO,FaroeIslands,WESTERNEUROPE,47246,1399,"33,8","79,84","1,41","6,24",22000,,"503,8","2,14",0,"97,86",,"14,05","8,7","0,27","0,11","0,62","61,892635","-6,911806"
FJI,Fiji,OCEANIA,905949,18270,"49,6","6,18","-3,14","12,62",5800,"93,7","112,6","10,95","4,65","84,4",2,"22,55","5,65",89,135,776,"-16,578193","179,414413"
FIN,Finland,WESTERNEUROPE,5231372,338145,"15,5","0,37","0,95","3,57",27400,100,"405,3","7,19","0,03","92,78",3,"10,45","9,86",28,295,676,"61,92411","25,748151"
FRA,France,WESTERNEUROPE,60876136,547030,"111,3","0,63","0,66","4,26",27600,99,"586,4","33,53","2,07","64,4",4,"11,99","9,14",22,214,764,"46,227638","2,213749"
GUF,FrenchGuiana,LATINAMER.&CARIB,199509,91000,"2,2","0,42","6,27","12,07",8300,83,"255,6","0,14","0,05","99,81",2,"20,46","4,88",66,156,778,"3,933889","-53,125782"
PYF,FrenchPolynesia,OCEANIA,274578,4167,"65,9","60,6","2,94","8,44",17500,98,"194,5","0,82","5,46","93,72",2,"16,68","4,69",31,"0,19",769,"-17,679742","-149,406843"
GAB,Gabon,SUB-SAHARANAFRICA,1424906,267667,"5,3","0,33",0,"53,64",5500,"63,2","27,4","1,26","0,66","98,08",2,"36,16","12,25",61,592,348,"-0,803689","11,609444"
GMB,"Gambia,The",SUB-SAHARANAFRICA,1641564,11300,"145,3","0,71","1,57","72,02",1700,"40,1","26,8",25,"0,5","74,5",2,"39,37","12,25",308,142,549,"13,443182","-15,310139"
,GazaStrip,NEAREAST,1428757,360,"3968,8","11,11","1,6","22,93",600,,"244,3","28,95","21,05",50,3,"39,45","3,8","0,03",283,687,"31,354676","34,308825"
GEO,Georgia,C.W.OFIND.STATES,4661473,69700,"66,9","0,44","-4,7","18,59",2500,99,"146,6","11,44","3,86","84,7",3,"10,41","9,23",172,275,553,"42,315407","43,356892"
DEU,Germany,WESTERNEUROPE,82422299,357021,"230,9","0,67","2,18","4,16",27600,99,"667,9","33,85","0,59","65,56",3,"8,25","10,62",9,296,695,"51,165691","10,451526"
GHA,Ghana,SUB-SAHARANAFRICA,22409572,239460,"93,6","0,23","-0,64","51,43",2200,"74,8","14,4","16,26","9,67","74,07",2,"30,52","9,72",366,246,387,"7,946527","-1,023194"
GIB,Gibraltar,WESTERNEUROPE,27928,7,"3989,7","171,43",0,"5,13",17500,,"877,7",0,0,100,,"10,74","9,31",,,,"36,137741","-5,345374"
GRC,Greece,WESTERNEUROPE,10688058,131940,81,"10,37","2,35","5,53",20000,"97,5","589,7","21,1","8,78","70,12",3,"9,68","10,24",54,213,733,"39,074208","21,824312"
GRL,Greenland,NORTHERNAMERICA,56361,2166086,0,"2,04","-8,37","15,82",20000,,"448,9",0,0,100,1,"15,93","7,84",,,,"71,706936","-42,604303"
GRD,Grenada,LATINAMER.&CARIB,89703,344,"260,8","35,17","-13,92","14,62",5000,98,"364,5","5,88","29,41","64,71",2,"22,08","6,88",54,"0,18",766,"12,262776","-61,604171"
GLP,Guadeloupe,LATINAMER.&CARIB,452776,1780,"254,4","17,19","-0,15","8,6",8000,90,"463,8","11,24","3,55","85,21",2,"15,05","6,09","0,15","0,17","0,68","16,995971","-62,067641"
GUM,Guam,OCEANIA,171019,541,"316,1","23,2",0,"6,94",21000,99,492,"9,09","16,36","74,55",2,"18,79","4,48",,,,"13,444304","144,793731"
GTM,Guatemala,LATINAMER.&CARIB,12293545,108890,"112,9","0,37","-1,67","35,93",4100,"70,6","92,1","12,54","5,03","82,43",2,"29,88","5,2",227,188,585,"15,783471","-90,230759"
GGY,Guernsey,WESTERNEUROPE,65409,78,"838,6","64,1","3,84","4,71",20000,,"842,4",,,,3,"8,81","10,01","0,03","0,1","0,87","49,465691","-2,585278"
GIN,Guinea,SUB-SAHARANAFRICA,9690222,245857,"39,4","0,13","-3,06","90,37",2100,"35,9","2,7","3,63","2,58","93,79",2,"41,76","15,48",237,362,401,"9,945587","-9,696645"
GNB,Guinea-Bissau,SUB-SAHARANAFRICA,1442029,36120,"39,9","0,97","-1,57","107,17",800,"42,4","7,4","10,67","8,82","80,51",2,"37,22","16,53","0,62","0,12","0,26","11,803749","-15,180413"
GUY,Guyana,LATINAMER.&CARIB,767245,214970,"3,6","0,21","-2,07","33,26",4000,"98,8","143,5","2,44","0,15","97,41",2,"18,28","8,28","0,37",203,427,"4,860416","-58,93018"
HTI,Haiti,LATINAMER.&CARIB,8308504,27750,"299,4","6,38","-3,4","73,45",1600,"52,9","16,9","28,3","11,61","60,09",2,"36,44","12,17","0,28","0,2","0,52","18,971187","-72,285215"
HND,Honduras,LATINAMER.&CARIB,7326496,112090,"65,4","0,73","-1,99","29,32",2600,"76,2","67,5","9,55","3,22","87,23",2,"28,24","5,28",139,312,549,"15,199999","-86,241905"
HKG,HongKong,ASIA(EX.NEAREAST),6940432,1092,"6355,7","67,12","5,24","2,97",28800,"93,5","546,7","5,05","1,01","93,94",2,"7,29","6,29",1,92,906,"22,396428","114,109497"
HUN,Hungary,EASTERNEUROPE,9981334,93030,"107,3",0,"0,86","8,57",13900,"99,4","336,2","50,09","2,06","47,85",3,"9,72","13,11",37,312,651,"47,162494","19,503304"
ISL,Iceland,WESTERNEUROPE,299388,103000,"2,9","4,83","2,38","3,31",30900,"99,9","647,7","0,07",0,"99,93",3,"13,64","6,72",86,"0,15",765,"64,963051","-19,020835"
IND,India,ASIA(EX.NEAREAST),1095351995,3287590,"333,2","0,21","-0,07","56,29",2900,"59,5","45,4","54,4","2,74","42,86","2,5","22,01","8,18",186,276,538,"20,593684","78,96288"
IDN,Indonesia,ASIA(EX.NEAREAST),245452739,1919440,"127,9","2,85",0,"35,6",3200,"87,9",52,"11,32","7,23","81,45",2,"20,34","6,25",134,458,408,"-0,789275","113,921327"
IRN,Iran,ASIA(EX.NEAREAST),68688433,1648000,"41,7","0,15","-0,84","41,58",7000,"79,4","276,4","8,72","1,39","89,89",1,17,"5,55",116,424,"0,46","32,427908","53,688046"
IRQ,Iraq,NEAREAST,26783383,437072,"61,3","0,01",0,"50,25",1500,"40,4","38,6","13,15","0,78","86,07",1,"31,98","5,37",73,666,261,"33,223191","43,679291"
IRL,Ireland,WESTERNEUROPE,4062235,70280,"57,8","2,06","4,99","5,39",29600,98,"500,5","15,2","0,03","84,77",3,"14,45","7,82","0,05","0,46","0,49","53,41291","-8,24389"
IMN,IsleofMan,WESTERNEUROPE,75441,572,"131,9","27,97","5,36","5,93",21000,,676,9,0,91,3,"11,05","11,19","0,01","0,13","0,86","54,236107","-4,548056"
ISR,Israel,NEAREAST,6352117,20770,"305,8","1,31","0,68","7,03",19800,"95,4","462,3","16,39","4,17","79,44",3,"17,97","6,18",26,317,657,"31,046051","34,851612"
ITA,Italy,WESTERNEUROPE,58133509,301230,193,"2,52","2,07","5,94",26700,"98,6","430,9","27,79","9,53","62,68",,"8,72","10,4",21,291,688,"41,87194","12,56738"
JAM,Jamaica,LATINAMER.&CARIB,2758124,10991,"250,9","9,3","-4,92","12,36",3900,"87,9",124,"16,07","10,16","73,77",2,"20,82","6,52",49,337,615,"18,109581","-77,297508"
JPN,Japan,ASIA(EX.NEAREAST),127463611,377835,"337,4","7,87",0,"3,26",28200,99,"461,2","12,19","0,96","86,85",3,"9,37","9,16",17,258,725,"36,204824","138,252924"
JEY,Jersey,WESTERNEUROPE,91084,116,"785,2","60,34","2,76","5,24",24800,,"811,3",0,0,100,3,"9,3","9,28","0,05","0,02","0,93","49,214439","-2,13125"
JOR,Jordan,NEAREAST,5906760,92300,64,"0,03","6,59","17,35",4300,"91,3","104,5","2,67","1,83","95,5",1,"21,25","2,65",33,287,"0,68","30,585164","36,238414"
KAZ,Kazakhstan,C.W.OFIND.STATES,15233244,2717300,"5,6",0,"-3,35","29,21",6300,"98,4","164,1","7,98","0,05","91,97",4,16,"9,42",67,386,547,"48,019573","66,923684"
KEN,Kenya,SUB-SAHARANAFRICA,34707817,582650,"59,6","0,09","-0,1","61,47",1000,"85,1","8,1","8,08","0,98","90,94","1,5","39,72","14,02",163,188,651,"-0,023559","37,906193"
KIR,Kiribati,OCEANIA,105432,811,130,"140,94",0,"48,52",800,,"42,7","2,74","50,68","46,58",2,"30,65","8,26",89,242,668,"-3,370417","-168,734039"
PRK,"Korea,North",ASIA(EX.NEAREAST),23113019,120540,"191,8","2,07",0,"24,04",1300,99,"42,4","20,76","2,49","76,75",3,"15,54","7,13","0,3","0,34","0,36","40,339852","127,510093"
KOR,"Korea,South",ASIA(EX.NEAREAST),48846823,98480,496,"2,45",0,"7,05",17800,"97,9","486,1","17,18","1,95","80,87",3,10,"5,85",33,403,563,"35,907757","127,766922"
KWT,Kuwait,NEAREAST,2418393,17820,"135,7","2,8","14,18","9,95",19000,"83,5",211,"0,73","0,11","99,16",1,"21,94","2,41",4,479,516,"29,31166","47,481766"
KGZ,Kyrgyzstan,C.W.OFIND.STATES,5213898,198500,"26,3",0,"-2,45","35,64",1600,97,84,"7,3","0,35","92,35","2,5","22,8","7,08",353,208,439,"41,20438","74,766098"
LAO,Laos,ASIA(EX.NEAREAST),6368481,236800,"26,9",0,0,"85,22",1700,"66,4","14,1","3,8","0,35","95,85",2,"35,49","11,55",455,287,258,"19,85627","102,495496"
LVA,Latvia,BALTICS,2274735,64589,"35,2","0,82","-2,23","9,55",10200,"99,8","321,4","29,67","0,47","69,86",3,"9,24","13,66","0,04",261,699,"56,879635","24,603189"
LBN,Lebanon,NEAREAST,3874050,10400,"372,5","2,16",0,"24,52",4800,"87,4","255,6","16,62","13,98","69,4",,"18,52","6,21","0,12","0,21","0,67","33,854721","35,862285"
LSO,Lesotho,SUB-SAHARANAFRICA,2022331,30355,"66,6",0,"-0,74","84,23",3000,"84,8","23,7","10,87","0,13",89,3,"24,75","28,71",163,443,394,"-29,609988","28,233608"
LBR,Liberia,SUB-SAHARANAFRICA,3042004,111370,"27,3","0,52",0,"128,87",1000,"57,5","2,3","3,95","2,28","93,77",2,"44,77","23,1",769,54,177,"6,428055","-9,429499"
LBY,Libya,NORTHERNAFRICA,5900754,1759540,"3,4","0,1",0,"24,6",6400,"82,6","127,1","1,03","0,19","98,78",,"26,49","3,48",76,499,425,"26,3351","17,228331"
LIE,Liechtenstein,WESTERNEUROPE,33987,160,"212,4",0,"4,85","4,7",25000,100,"585,5",25,0,75,4,"10,21","7,18","0,06","0,39","0,55","47,166","9,555373"
LTU,Lithuania,BALTICS,3585906,65200,55,"0,14","-0,71","6,89",11400,"99,6","223,4","45,22","0,91","53,87",,"8,75","10,98",55,325,"0,62","55,169438","23,881275"
LUX,Luxembourg,WESTERNEUROPE,474413,2586,"183,5",0,"8,97","4,81",55100,100,"515,4","23,28","0,4","76,32",,"11,94","8,41","0,01","0,13","0,86","49,815273","6,129583"
MAC,Macau,ASIA(EX.NEAREAST),453125,28,16183,"146,43","4,86","4,39",19400,"94,5","384,9",0,0,100,2,"8,48","4,47",1,72,927,"22,198745","113,543873"
MKD,Macedonia,EASTERNEUROPE,2050554,25333,"80,9",0,"-1,45","10,09",6700,,260,"22,26","1,81","75,93",3,"12,02","8,77",118,319,563,"41,608635","21,745275"
MDG,Madagascar,SUB-SAHARANAFRICA,18595469,587040,"31,7","0,82",0,"76,83",800,"68,9","3,6","5,07","1,03","93,91",2,"41,41","11,11",276,165,559,"-18,766947","46,869107"
MWI,Malawi,SUB-SAHARANAFRICA,13013926,118480,"109,8",0,0,"103,32",600,"62,7","7,9","23,38","1,49","75,13",2,"43,13","19,33",342,158,499,"-13,254308","34,301525"
MYS,Malaysia,ASIA(EX.NEAREAST),24385858,329750,74,"1,42",0,"17,7",9000,"88,7",179,"5,48","17,61","76,91",2,"22,86","5,05",84,"0,48",436,"4,210484","101,975766"
MDV,Maldives,ASIA(EX.NEAREAST),359008,300,"1196,7","214,67",0,"56,52",3900,"97,2",90,"13,33","16,67",70,2,"34,81","7,06","0,2","0,18","0,62","3,202778","73,22068"
MLI,Mali,SUB-SAHARANAFRICA,11716829,1240000,"9,5",0,"-0,33","116,79",900,"46,4","6,4","3,82","0,03","96,15",2,"49,82","16,89","0,45","0,17","0,38","17,570692","-3,996166"
MLT,Malta,WESTERNEUROPE,400214,316,"1266,5","62,28","2,07","3,89",17700,"92,8",505,"28,13","3,13","68,74",,"10,22","8,1","0,03","0,23","0,74","35,937496","14,375416"
MHL,MarshallIslands,OCEANIA,60422,11854,"5,1","3,12","-6,04","29,45",1600,"93,7","91,2","16,67","38,89","44,44",2,"33,05","4,78",317,149,534,"7,131474","171,184478"
MTQ,Martinique,LATINAMER.&CARIB,436131,1100,"396,5","31,82","-0,05","7,09",14400,"97,7","394,4","10,38","9,43","80,19",2,"13,74","6,48","0,06","0,11","0,83","14,641528","-61,024174"
MRT,Mauritania,SUB-SAHARANAFRICA,3177388,1030700,"3,1","0,07",0,"70,89",1800,"41,7","12,9","0,48","0,01","99,51",1,"40,99","12,16","0,25","0,29","0,46","21,00789","-10,940835"
MUS,Mauritius,SUB-SAHARANAFRICA,1240827,2040,"608,3","8,68","-0,9","15,03",11400,"85,6","289,3","49,26","2,96","47,78",2,"15,43","6,86",59,298,643,"-20,348404","57,552152"
MYT,Mayotte,SUB-SAHARANAFRICA,201234,374,"538,1","49,52","6,78","62,4",2600,,"49,7",,,,2,"40,95","7,7",,,,"-12,8275","45,166244"
MEX,Mexico,LATINAMER.&CARIB,107449525,1972550,"54,5","0,47","-4,87","20,91",9000,"92,2","181,6","12,99","1,31","85,7","1,5","20,69","4,74",38,259,702,"23,634501","-102,552784"
FSM,"Micronesia,Fed.St.",OCEANIA,108004,702,"153,9","870,66","-20,99","30,21",2000,89,"114,8","5,71","45,71","48,58",2,"24,68","4,75",289,152,559,"7,425554","150,550812"
MDA,Moldova,C.W.OFIND.STATES,4466706,33843,132,0,"-0,26","40,42",1800,"99,1","208,1","55,3","10,79","33,91",,"15,7","12,64",213,233,555,"47,411631","28,369885"
MCO,Monaco,WESTERNEUROPE,32543,2,"16271,5",205,"7,75","5,43",27000,99,"1035,6",0,0,100,,"9,19","12,91","0,17",,,"43,750298","7,412841"
MNG,Mongolia,ASIA(EX.NEAREAST),2832224,1564116,"1,8",0,0,"53,79",1800,"97,8","55,1","0,77",0,"99,23",1,"21,59","6,95",206,214,"0,58","46,862496","103,846656"
MSR,Montserrat,LATINAMER.&CARIB,9439,102,"92,5","39,22",0,"7,35",3400,97,,20,0,80,2,"17,59","7,1",,,,"16,742498","-62,187366"
MAR,Morocco,NORTHERNAFRICA,33241259,446550,"74,4","0,41","-0,98","41,62",4000,"51,7","40,4","19,61","2,17","78,22",,"21,98","5,58",217,357,426,"31,791702","-7,09262"
MOZ,Mozambique,SUB-SAHARANAFRICA,19686505,801590,"24,6","0,31",0,"130,79",1200,"47,8","3,5","5,1","0,3","94,6",2,"35,18","21,35",262,348,"0,39","-18,665695","35,529562"
NAM,Namibia,SUB-SAHARANAFRICA,2044147,825418,"2,5","0,19",0,"48,98",7200,84,"62,6","0,99",0,"99,01",1,"24,32","18,86",97,315,588,"-22,95764","18,49041"
NRU,Nauru,OCEANIA,13287,21,"632,7","142,86",0,"9,95",5000,,143,0,0,100,2,"24,76","6,7",,,,"-0,522778","166,931503"
NPL,Nepal,ASIA(EX.NEAREAST),28287147,147181,"192,2",0,0,"66,98",1400,"45,2","15,9","21,68","0,64","77,68",,"30,98","9,31","0,38","0,21","0,41","28,394857","84,124008"
NLD,Netherlands,WESTERNEUROPE,16491461,41526,"397,1","1,09","2,91","5,04",28600,99,"460,8","26,71","0,97","72,32",3,"10,9","8,68",21,244,736,"52,132633","5,291266"
ANT,NetherlandsAntilles,LATINAMER.&CARIB,221736,960,231,"37,92","-0,41","10,03",11400,"96,7","365,3",10,0,90,2,"14,78","6,45","0,01","0,15","0,84","12,226079","-69,060087"
NCL,NewCaledonia,OCEANIA,219246,19060,"11,5","11,83",0,"7,72",15000,91,"252,2","0,38","0,33","99,29",2,"18,11","5,69","0,15",88,762,"-20,904305","165,618042"
NZL,NewZealand,OCEANIA,4076140,268680,"15,2","5,63","4,05","5,85",21600,99,"441,7","5,6","6,99","87,41",3,"13,76","7,53",43,273,684,"-40,900557","174,885971"
NIC,Nicaragua,LATINAMER.&CARIB,5570129,129494,43,"0,7","-1,22","29,11",2300,"67,5","39,7","15,94","1,94","82,12",2,"24,51","4,45",165,275,"0,56","12,865416","-85,207229"
NER,Niger,SUB-SAHARANAFRICA,12525094,1267000,"9,9",0,"-0,67","121,69",800,"17,6","1,9","3,54","0,01","96,45",1,"50,73","20,91","0,39","0,17","0,44","17,607789","8,081666"
NGA,Nigeria,SUB-SAHARANAFRICA,131859731,923768,"142,7","0,09","0,26","98,8",900,68,"9,3","31,29","2,96","65,75","1,5","40,43","16,94",269,487,244,"9,081999","8,675277"
MNP,N.MarianaIslands,OCEANIA,82459,477,"172,9","310,69","9,61","7,11",12500,97,"254,7","13,04","4,35","82,61",2,"19,43","2,29",,,,"17,33083","145,38469"
NOR,Norway,WESTERNEUROPE,4610820,323802,"14,2","7,77","1,74","3,7",37800,100,"461,7","2,87",0,"97,13",3,"11,46","9,4",21,415,564,"60,472024","8,468946"
OMN,Oman,NEAREAST,3102229,212460,"14,6","0,98","0,28","19,51",13100,"75,8","85,5",0,"0,14","99,74",1,"36,24","3,81",27,"0,39",583,"21,512583","55,923255"
PAK,Pakistan,ASIA(EX.NEAREAST),165803560,803940,"206,2","0,13","-2,77","72,44",2100,"45,7","31,8","27,87","0,87","71,26",1,"29,74","8,23",216,251,533,"30,375321","69,345116"
PLW,Palau,OCEANIA,20579,458,"44,9","331,66","2,85","14,84",9000,92,"325,6","8,7","4,35","86,95",2,"18,03","6,8",62,"0,12",818,"7,51498","134,58252"
PAN,Panama,LATINAMER.&CARIB,3191319,78200,"40,8","3,18","-0,91","20,47",6300,"92,6","137,9","7,36","1,98","90,66",2,"21,74","5,36",68,156,776,"8,537981","-80,782127"
PNG,PapuaNewGuinea,OCEANIA,5670544,462840,"12,3","1,11",0,"51,45",2200,"64,6","10,9","0,46","1,44","98,1",2,"29,36","7,25",353,381,266,"-6,314993","143,95555"
PRY,Paraguay,LATINAMER.&CARIB,6506464,406750,16,0,"-0,08","25,63",4700,94,"49,2","7,6","0,23","92,17",2,"29,1","4,49",224,207,569,"-23,442503","-58,443832"
PER,Peru,LATINAMER.&CARIB,28302603,1285220,22,"0,19","-1,05","31,94",5100,"90,9","79,5","2,89","0,4","96,71","1,5","20,48","6,23","0,08","0,27","0,65","-9,189967","-75,015152"
PHL,Philippines,ASIA(EX.NEAREAST),89468677,300000,"298,2","12,1","-1,5","23,51",4600,"92,6","38,4","18,95","16,77","64,28",2,"24,89","5,41",144,326,"0,53","12,879721","121,774017"
POL,Poland,EASTERNEUROPE,38536869,312685,"123,3","0,16","-0,49","8,51",11100,"99,8","306,3","45,91","1,12","52,97",3,"9,85","9,89","0,05",311,"0,64","51,919438","19,145136"
PRT,Portugal,WESTERNEUROPE,10605870,92391,"114,8","1,94","3,57","5,05",18000,"93,3","399,2","21,75","7,81","70,44",3,"10,72","10,5",53,274,673,"39,399872","-8,224454"
PRI,PuertoRico,LATINAMER.&CARIB,3927188,13790,"284,8","3,63","-1,46","8,24",16800,"94,1","283,1","3,95","5,52","90,53",2,"12,77","7,65","0,01","0,45","0,54","18,220833","-66,590149"
QAT,Qatar,NEAREAST,885359,11437,"77,4","4,92","16,29","18,61",21500,"82,5",232,"1,64","0,27","98,09",1,"15,56","4,72",2,801,197,"25,354826","51,183884"
REU,Reunion,SUB-SAHARANAFRICA,787584,2517,"312,9","8,22",0,"7,78",5800,"88,9","380,9","13,6","1,2","85,2",2,"18,9","5,49","0,08","0,19","0,73","-21,115141","55,536384"
ROU,Romania,EASTERNEUROPE,22303552,237500,"93,9","0,09","-0,13","26,43",7000,"98,4","196,9","40,82","2,25","56,93",3,"10,7","11,77",101,"0,35",549,"45,943161","24,96676"
RUS,Russia,C.W.OFIND.STATES,142893540,17075200,"8,4","0,22","1,02","15,39",8900,"99,6","280,6","7,33","0,11","92,56",,"9,95","14,65",54,371,575,"61,52401","105,318756"
RWA,Rwanda,SUB-SAHARANAFRICA,8648248,26338,"328,4",0,0,"91,23",1300,"70,4","2,7","40,54","12,16","47,3",3,"40,37","16,09",401,229,"0,37","-1,940278","29,873888"
SHN,SaintHelena,SUB-SAHARANAFRICA,7502,413,"18,2","14,53",0,19,2500,97,"293,3","12,9",0,"87,1",,"12,13","6,53",,,,"-24,143474","-10,030696"
KNA,SaintKitts&Nevis,LATINAMER.&CARIB,39129,261,"149,9","51,72","-7,11","14,49",8800,97,"638,9","19,44","2,78","77,78",2,"18,02","8,33",35,258,707,"17,357822","-62,782998"
LCA,SaintLucia,LATINAMER.&CARIB,168458,616,"273,5","25,65","-2,67","13,53",5400,67,"303,3","6,56","22,95","70,49",2,"19,68","5,08","0,07","0,2","0,73","13,909444","-60,978893"
SPM,StPierre&Miquelon,NORTHERNAMERICA,7026,242,29,"49,59","-4,86","7,54",6900,99,"683,2","13,04",0,"86,96",,"13,52","6,83",,,,"46,941936","-56,27111"
VCT,SaintVincentandtheGrenadines,LATINAMER.&CARIB,117848,389,303,"21,59","-7,64","14,78",2900,96,"190,9","17,95","17,95","64,1",2,"16,18","5,98","0,1","0,26","0,64","12,984305","-61,287228"
WSM,Samoa,OCEANIA,176908,2944,"60,1","13,69","-11,7","27,71",5600,"99,7","75,2","21,2","24,38","54,42",2,"16,43","6,62",114,584,302,"-13,759029","-172,104629"
SMR,SanMarino,WESTERNEUROPE,29251,61,"479,5",0,"10,98","5,73",34600,96,"704,3","16,67",0,"83,33",,"10,02","8,17",,,,"43,94236","12,457777"
STP,SaoTome&Principe,SUB-SAHARANAFRICA,193413,1001,"193,2","20,88","-2,72","43,11",1200,"79,3","36,2","6,25","48,96","44,79",2,"40,25","6,47",167,148,684,"0,18636","6,613081"
SAU,SaudiArabia,NEAREAST,27019731,1960582,"13,8","0,13","-2,71","13,24",11800,"78,8","140,6","1,67","0,09","98,24",1,"29,34","2,58",33,613,354,"23,885942","45,079162"
SEN,Senegal,SUB-SAHARANAFRICA,11987121,196190,"61,1","0,27","0,2","55,51",1600,"40,2","22,2","12,78","0,21","87,01",2,"32,78","9,42",172,209,619,"14,497401","-14,452362"
SRB,Serbia,EASTERNEUROPE,9396411,88361,"106,3",0,"-1,33","12,89",2200,93,"285,8","33,35","3,2","63,45",,,,166,255,579,"44,016521","21,005859"
SYC,Seychelles,SUB-SAHARANAFRICA,81541,455,"179,2","107,91","-5,69","15,53",7800,58,"262,4","2,22","13,33","84,45",2,"16,03","6,29",32,304,665,"-4,679574","55,491977"
SLE,SierraLeone,SUB-SAHARANAFRICA,6005250,71740,"83,7","0,56",0,"143,64",500,"31,4",4,"6,98","0,89","92,13",2,"45,76","23,03","0,49","0,31","0,21","8,460555","-11,779889"
SGP,Singapore,ASIA(EX.NEAREAST),4492150,693,"6482,2","27,85","11,53","2,29",23700,"92,5","411,4","1,64",0,"98,36",2,"9,34","4,28",0,339,661,"1,352083","103,819836"
SVK,Slovakia,EASTERNEUROPE,5439448,48845,"111,4",0,"0,3","7,41",13300,,"220,1","30,16","2,62","67,22",3,"10,65","9,45",35,294,672,"48,669026","19,699024"
SVN,Slovenia,EASTERNEUROPE,2010347,20273,"99,2","0,23","1,12","4,45",19000,"99,7","406,1","8,6","1,49","89,91",,"8,98","10,31",28,369,603,"46,151241","14,995463"
SLB,SolomonIslands,OCEANIA,552438,28450,"19,4","18,67",0,"21,29",1700,,"13,4","0,64",2,"97,36",2,"30,01","3,92","0,42","0,11","0,47","-9,64571","160,156194"
SOM,Somalia,SUB-SAHARANAFRICA,8863338,637657,"13,9","0,47","5,37","116,7",500,"37,8","11,3","1,67","0,04","98,29",1,"45,13","16,63","0,65","0,1","0,25","5,152149","46,199616"
ZAF,SouthAfrica,SUB-SAHARANAFRICA,44187637,1219912,"36,2","0,23","-0,29","61,81",10700,"86,4",107,"12,08","0,79","87,13",1,"18,2",22,25,303,671,"-30,559482","22,937506"
ESP,Spain,WESTERNEUROPE,40397842,504782,80,"0,98","0,99","4,42",22000,"97,9","453,5","26,07","9,87","64,06",3,"10,06","9,72","0,04",295,665,"40,463667","-3,74922"
LKA,SriLanka,ASIA(EX.NEAREAST),20222240,65610,"308,2","2,04","-1,31","14,35",3700,"92,3","61,5","13,86","15,7","70,44",2,"15,51","6,52",178,276,545,"7,873054","80,771797"
SDN,Sudan,SUB-SAHARANAFRICA,41236378,2505810,"16,5","0,03","-0,02","62,5",1900,"61,1","16,3","6,83","0,18","92,99",2,"34,53","8,97",387,203,"0,41","12,862807","30,217636"
SUR,Suriname,LATINAMER.&CARIB,439117,163270,"2,7","0,24","-8,81","23,57",4000,93,"184,7","0,37","0,06","99,57",2,"18,02","7,27","0,13","0,22","0,65","3,919305","-56,027783"
SWZ,Swaziland,SUB-SAHARANAFRICA,1136334,17363,"65,5",0,0,"69,27",4900,"81,6","30,8","10,35","0,7","88,95","2,5","27,41","29,74",119,515,366,"-26,522503","31,465866"
SWE,Sweden,WESTERNEUROPE,9016596,449964,20,"0,72","1,67","2,77",26800,99,715,"6,54","0,01","93,45",3,"10,27","10,31",11,282,707,"60,128161","18,643501"
CHE,Switzerland,WESTERNEUROPE,7523934,41290,"182,2",0,"4,05","4,39",32700,99,"680,9","10,42","0,61","88,97",3,"9,71","8,49",15,"0,34",645,"46,818188","8,227512"
SYR,Syria,NEAREAST,18881361,185180,102,"0,1",0,"29,53",3300,"76,9","153,8","25,22","4,43","70,35",1,"27,76","4,81",249,"0,23",519,"34,802075","38,996815"
TWN,Taiwan,ASIA(EX.NEAREAST),23036087,35980,"640,3","4,35",0,"6,4",23400,"96,1",591,24,1,75,2,"12,56","6,48",18,259,723,"23,69781","120,960515"
TJK,Tajikistan,C.W.OFIND.STATES,7320815,143100,"51,2",0,"-2,86","110,76",1000,"99,4","33,5","6,61","0,92","92,47",2,"32,65","8,25",234,286,"0,48","38,861034","71,276093"
TZA,Tanzania,SUB-SAHARANAFRICA,37445392,945087,"39,6","0,15","-2,06","98,54",600,"78,2",4,"4,52","1,08","94,4",,"37,71","16,39",432,172,396,"-6,369028","34,888822"
THA,Thailand,ASIA(EX.NEAREAST),64631595,514000,"125,7","0,63",0,"20,48",7400,"92,6","108,9","29,36","6,46","64,18",2,"13,87","7,04",99,441,"0,46","15,870032","100,992541"
TGO,Togo,SUB-SAHARANAFRICA,5548702,56785,"97,7","0,1",0,"66,61",1500,"60,9","10,6","46,15","2,21","51,64",2,"37,01","9,83",395,204,401,"8,619543","0,824782"
TON,Tonga,OCEANIA,114689,748,"153,3","56,02",0,"12,62",2200,"98,5","97,7","23,61","43,06","33,33",2,"25,37","5,28","0,23","0,27","0,5","-21,178986","-175,198242"
TTO,Trinidad&Tobago,LATINAMER.&CARIB,1065842,5128,"207,9","7,06","-10,83","24,31",9500,"98,6","303,5","14,62","9,16","76,22",2,"12,9","10,57",7,"0,57",423,"10,691803","-61,222503"
TUN,Tunisia,NORTHERNAFRICA,10175014,163610,"62,2","0,7","-0,57","24,77",6900,"74,2","123,6","17,86","13,74","68,4",3,"15,52","5,13",132,318,"0,55","33,886917","9,537499"
TUR,Turkey,NEAREAST,70413958,780580,"90,2","0,92",0,"41,04",6700,"86,5","269,5","30,93","3,31","65,76",3,"16,62","5,97",117,298,585,"38,963745","35,243322"
TKM,Turkmenistan,C.W.OFIND.STATES,5042920,488100,"10,3",0,"-0,86","73,08",5800,98,"74,6","3,72","0,14","96,14",1,"27,61","8,6",209,"0,38",411,"38,969719","59,556278"
TCA,Turks&CaicosIs,LATINAMER.&CARIB,21152,430,"49,2","90,47","11,68","15,67",9600,98,"269,5","2,33",0,"97,67",2,"21,84","4,21",,,,"21,694025","-71,797928"
TUV,Tuvalu,OCEANIA,11810,26,"454,2","92,31",0,"20,03",1100,,"59,3",0,0,100,2,"22,18","7,11",166,272,562,"-7,109535","177,64933"
UGA,Uganda,SUB-SAHARANAFRICA,28195754,236040,"119,5",0,0,"67,83",1400,"69,9","3,6","25,88","10,65","63,47",2,"47,35","12,24",311,222,469,"1,373333","32,290275"
UKR,Ukraine,C.W.OFIND.STATES,46710816,603700,"77,4","0,46","-0,39","20,34",5400,"99,7","259,9","56,21","1,61","42,18",3,"8,82","14,39",187,452,361,"48,379433","31,16558"
ARE,UnitedArabEmirates,NEAREAST,2602713,82880,"31,4","1,59","1,03","14,51",23200,"77,9","475,3","0,6","2,25","97,15",1,"18,96","4,4","0,04",585,375,"23,424076","53,847818"
GBR,UnitedKingdom,WESTERNEUROPE,60609153,244820,"247,6","5,08","2,19","5,16",27700,99,"543,5","23,46","0,21","76,33",3,"10,71","10,13",5,237,758,"55,378051","-3,435973"
USA,UnitedStates,NORTHERNAMERICA,298444215,9631420,31,"0,21","3,41","6,5",37800,97,898,"19,13","0,22","80,65",3,"14,14","8,26","0,01",204,787,"37,09024","-95,712891"
URY,Uruguay,LATINAMER.&CARIB,3431932,176220,"19,5","0,37","-0,32","11,95",12800,98,"291,4","7,43","0,23","92,34",3,"13,91","9,05",93,311,596,"-32,522779","-55,765835"
UZB,Uzbekistan,C.W.OFIND.STATES,27307134,447400,61,0,"-1,72","71,1",1700,"99,3","62,9","10,83","0,83","88,34",1,"26,36","7,84",342,229,"0,43","41,377491","64,585262"
VUT,Vanuatu,OCEANIA,208869,12200,"17,1","20,72",0,"55,16",2900,53,"32,6","2,46","7,38","90,16",2,"22,72","7,82","0,26","0,12","0,62","-15,376706","166,959158"
VEN,Venezuela,LATINAMER.&CARIB,25730435,912050,"28,2","0,31","-0,04","22,2",4800,"93,4","140,1","2,95","0,92","96,13",2,"18,71","4,92","0,04",419,541,"6,42375","-66,58973"
VNM,Vietnam,ASIA(EX.NEAREAST),84402966,329560,"256,1","1,05","-0,45","25,95",2500,"90,3","187,7","19,97","5,95","74,08",2,"16,86","6,22",209,"0,41",381,"14,058324","108,277199"
VGB,VirginIslands,LATINAMER.&CARIB,108605,1910,"56,9","9,84","-8,94","8,03",17200,,"652,8","11,76","2,94","85,3",2,"13,96","6,43","0,01","0,19","0,8","18,335765","-64,896335"
WLF,WallisandFutuna,OCEANIA,16025,274,"58,5","47,08",,,3700,50,"118,6",5,25,70,2,,,,,,"-13,768752","-177,156097"
,WestBank,NEAREAST,2460492,5860,"419,9",0,"2,98","19,62",800,,"145,2","16,9","18,97","64,13",3,"31,67","3,92","0,09","0,28","0,63","31,90263","35,19389"
ESH,WesternSahara,NORTHERNAFRICA,273008,266000,1,"0,42",,,,,,"0,02",0,"99,98",1,,,,,"0,4","24,215527","-12,885834"
YEM,Yemen,NEAREAST,21456188,527970,"40,6","0,36",0,"61,5",800,"50,2","37,2","2,78","0,24","96,98",1,"42,89","8,3",135,472,393,"15,552727","48,516388"
ZMB,Zambia,SUB-SAHARANAFRICA,11502010,752614,"15,3",0,0,"88,29",800,"80,6","8,2","7,08","0,03","92,9",2,41,"19,93","0,22","0,29",489,"-13,133897","27,849332"
ZWE,Zimbabwe,SUB-SAHARANAFRICA,12236805,390580,"31,3",0,0,"67,69",1900,"90,7","26,8","8,32","0,34","91,34",2,"28,01","21,84",179,243,579,"-19,015438","29,154857"
